web_scraper_order,web_scraper_start_url,name,data,data2,data3,title,data4,data5,data6,data7,image,image2,image3,image4,image5,image6,image7,image8,image9,image10,image11
"1785468000-1","https://www.sony-asia.com/microsite/rmdc/creativelooks/alpha-recipes/","Sandeeshwara Perera","FL (Film Look) | Default Settings","Shot with Creative Looks

External lighting used during production and brightness adjusted in post","Sri Lanka","Featured Look","Shot with Creative Looks","‹","›","×","https://www.sony-asia.com/microsite/rmdc/creativelooks/wp-content/uploads/2025/10/DSC4992-683x1024.jpg","https://www.sony-asia.com/microsite/rmdc/creativelooks/wp-content/uploads/2025/10/DSC5082-683x1024.jpg","https://www.sony-asia.com/microsite/rmdc/creativelooks/wp-content/uploads/2025/10/DSC5312-683x1024.jpg","https://www.sony-asia.com/microsite/rmdc/creativelooks/wp-content/uploads/2025/10/DSC4923-683x1024.jpg","","https://www.sony-asia.com/microsite/rmdc/creativelooks/wp-content/uploads/2025/10/DSC4992-683x1024.jpg","https://www.sony-asia.com/microsite/rmdc/creativelooks/wp-content/uploads/2025/10/DSC5082-683x1024.jpg","https://www.sony-asia.com/microsite/rmdc/creativelooks/wp-content/uploads/2025/10/DSC5312-683x1024.jpg","https://www.sony-asia.com/microsite/rmdc/creativelooks/wp-content/uploads/2025/10/DSC4923-683x1024.jpg","","https://www.sony-asia.com/microsite/rmdc/creativelooks/wp-content/uploads/2025/09/Sandy_500x500-300x300-1.jpg"
"1785468000-2","https://www.sony-asia.com/microsite/rmdc/creativelooks/alpha-recipes/","Raoul Rutnam","FL (Film Look) | Contrast +5, Highlights -9, Shadows +3, Fade +3, Saturation +3, Sharpness +4, Sharpness Range +5, Clarity +4, WB Colour Temp AWB","","Sri Lanka","Featured Look","","‹","›","×","https://www.sony-asia.com/microsite/rmdc/creativelooks/wp-content/uploads/2025/09/LK1_RAR09282-Raoul-Rutnam_First-1-1024x683.jpg","","","","","https://www.sony-asia.com/microsite/rmdc/creativelooks/wp-content/uploads/2025/09/LK1_RAR09282-Raoul-Rutnam_First-1-1024x683.jpg","","","","","https://www.sony-asia.com/microsite/rmdc/creativelooks/wp-content/uploads/2025/09/Raoul-Rutnam_Profile-Photo_500x500.jpg"
"1785468000-3","https://www.sony-asia.com/microsite/rmdc/creativelooks/alpha-recipes/","Arantha Sirimanne","FL (Film Look) | Contrast +3, Highlights -3, Shadows +1, Fade +1, Saturation -2, Sharpness 2, Sharpness Range +3, Clarity +3, WB Cloudy A1.5, M0.5","","Sri Lanka","Featured Look","","‹","›","×","https://www.sony-asia.com/microsite/rmdc/creativelooks/wp-content/uploads/2025/10/Arantha-2-683x1024.jpg","https://www.sony-asia.com/microsite/rmdc/creativelooks/wp-content/uploads/2025/10/Arantha-3-683x1024.jpg","https://www.sony-asia.com/microsite/rmdc/creativelooks/wp-content/uploads/2025/10/Arantha-1-683x1024.jpg","","","https://www.sony-asia.com/microsite/rmdc/creativelooks/wp-content/uploads/2025/10/Arantha-2-683x1024.jpg","https://www.sony-asia.com/microsite/rmdc/creativelooks/wp-content/uploads/2025/10/Arantha-3-683x1024.jpg","https://www.sony-asia.com/microsite/rmdc/creativelooks/wp-content/uploads/2025/10/Arantha-1-683x1024.jpg","","","https://www.sony-asia.com/microsite/rmdc/creativelooks/wp-content/uploads/2025/10/Arantha_Profile-Photo-1.jpg"
"1785468000-4","https://www.sony-asia.com/microsite/rmdc/creativelooks/alpha-recipes/","Sandeeshwara Perera","BW (Black & White) | Default Settings","Shot with Creative Looks

External lighting used during production and brightness adjusted in post","Sri Lanka","Featured Look","Shot with Creative Looks","‹","›","×","https://www.sony-asia.com/microsite/rmdc/creativelooks/wp-content/uploads/2025/10/DSC4551-683x1024.jpg","https://www.sony-asia.com/microsite/rmdc/creativelooks/wp-content/uploads/2025/10/DSC4492-683x1024.jpg","https://www.sony-asia.com/microsite/rmdc/creativelooks/wp-content/uploads/2025/10/DSC4346-683x1024.jpg","https://www.sony-asia.com/microsite/rmdc/creativelooks/wp-content/uploads/2025/10/DSC4345-683x1024.jpg","","https://www.sony-asia.com/microsite/rmdc/creativelooks/wp-content/uploads/2025/10/DSC4551-683x1024.jpg","https://www.sony-asia.com/microsite/rmdc/creativelooks/wp-content/uploads/2025/10/DSC4492-683x1024.jpg","https://www.sony-asia.com/microsite/rmdc/creativelooks/wp-content/uploads/2025/10/DSC4346-683x1024.jpg","https://www.sony-asia.com/microsite/rmdc/creativelooks/wp-content/uploads/2025/10/DSC4345-683x1024.jpg","","https://www.sony-asia.com/microsite/rmdc/creativelooks/wp-content/uploads/2025/09/LK_Sandeeshwara-Perera_Profile-photo_500x500.jpg"
"1785468000-5","https://www.sony-asia.com/microsite/rmdc/creativelooks/alpha-recipes/","Ravi Ranasinghe","VV2 (Vivid2) | Contrast 0, Highlights 0, Shadows 0, Fade 0, Saturation 0, Sharpness +4, Sharpness Range +3, Clarity +8, WB AWB



Shot with Creative Looks

Crop & RGB adjusted in post.","","Sri Lanka","Featured Look","Shot with Creative Looks","‹","›","×","https://www.sony-asia.com/microsite/rmdc/creativelooks/wp-content/uploads/2025/09/VV2-00000438-1-2-1024x683.webp","","","","","https://www.sony-asia.com/microsite/rmdc/creativelooks/wp-content/uploads/2025/09/VV2-00000438-1-2-1024x683.webp","","","","","https://www.sony-asia.com/microsite/rmdc/creativelooks/wp-content/uploads/2025/09/LK_Ravi-Ranasinghe_Profile-photo_500x500.jpg"
"1785468000-6","https://www.sony-asia.com/microsite/rmdc/creativelooks/alpha-recipes/","Ravi Ranasinghe","VV2 (Vivid2) | Contrast 0, Highlights 0, Shadows 0, Fade 0, Saturation 0, Sharpness +4, Sharpness Range +3, Clarity +8, WB AWB","Shot with Creative Looks

Crop & RGB adjusted in post.","Sri Lanka","Featured Look","Shot with Creative Looks","‹","›","×","https://www.sony-asia.com/microsite/rmdc/creativelooks/wp-content/uploads/2025/09/DSC05150-CROP-and-RGB-colour-adjust-VV2-1024x941.jpg","https://www.sony-asia.com/microsite/rmdc/creativelooks/wp-content/uploads/2025/09/DSC03074-CROP-and-RGB-colour-adjust-VV2-1024x750.jpg","","","","https://www.sony-asia.com/microsite/rmdc/creativelooks/wp-content/uploads/2025/09/DSC05150-CROP-and-RGB-colour-adjust-VV2-1024x941.jpg","https://www.sony-asia.com/microsite/rmdc/creativelooks/wp-content/uploads/2025/09/DSC03074-CROP-and-RGB-colour-adjust-VV2-1024x750.jpg","","","","https://www.sony-asia.com/microsite/rmdc/creativelooks/wp-content/uploads/2025/09/LK_Ravi-Ranasinghe_Profile-photo_500x500.jpg"
"1785468000-7","https://www.sony-asia.com/microsite/rmdc/creativelooks/alpha-recipes/","Sony Asia","VV2 (Vivid2) | Contrast -3, Highlights 0, Shadows +2, Fade +4, Saturation 0, Sharpness +4, Sharpness Range +3, Clarity +1, WB Colour Temp 5600K","","Asia Pacific","Featured Look","","‹","›","×","https://www.sony-asia.com/microsite/rmdc/creativelooks/wp-content/uploads/2025/09/VV2_SEL2450G_DSC00638_compressed-1024x683.jpg","https://www.sony-asia.com/microsite/rmdc/creativelooks/wp-content/uploads/2025/09/VV2_SEL2450G_DSC01054_compressed-683x1024.jpg","https://www.sony-asia.com/microsite/rmdc/creativelooks/wp-content/uploads/2025/09/VV2_SEL2450G_DSC00401_compressed-683x1024.jpg","","","https://www.sony-asia.com/microsite/rmdc/creativelooks/wp-content/uploads/2025/09/VV2_SEL2450G_DSC00638_compressed-1024x683.jpg","https://www.sony-asia.com/microsite/rmdc/creativelooks/wp-content/uploads/2025/09/VV2_SEL2450G_DSC01054_compressed-683x1024.jpg","https://www.sony-asia.com/microsite/rmdc/creativelooks/wp-content/uploads/2025/09/VV2_SEL2450G_DSC00401_compressed-683x1024.jpg","","","https://www.sony-asia.com/microsite/rmdc/creativelooks/wp-content/uploads/2025/09/Sony-Asia_Profile-Photo.jpg"
"1785468000-8","https://www.sony-asia.com/microsite/rmdc/creativelooks/alpha-recipes/","Jonpoon.jpg","VV2 (Vivid 2) | Contrast +1, Highlights +1, Shadows +2, Fade 1, Saturation 0, Sharpness 4, Sharpness Range 4, Clarity 8, WB AWB A1 G1","","Singapore","Featured Look","","‹","›","×","https://www.sony-asia.com/microsite/rmdc/creativelooks/wp-content/uploads/2025/09/IMG_0967-1024x683.jpg","https://www.sony-asia.com/microsite/rmdc/creativelooks/wp-content/uploads/2025/09/IMG_0924-1024x683.jpg","https://www.sony-asia.com/microsite/rmdc/creativelooks/wp-content/uploads/2025/09/IMG_0918-683x1024.jpg","","","https://www.sony-asia.com/microsite/rmdc/creativelooks/wp-content/uploads/2025/09/IMG_0967-1024x683.jpg","https://www.sony-asia.com/microsite/rmdc/creativelooks/wp-content/uploads/2025/09/IMG_0924-1024x683.jpg","https://www.sony-asia.com/microsite/rmdc/creativelooks/wp-content/uploads/2025/09/IMG_0918-683x1024.jpg","","","https://www.sony-asia.com/microsite/rmdc/creativelooks/wp-content/uploads/2025/09/jonpoon.jpg_Profile-photo_500x500.jpg"
"1785468000-9","https://www.sony-asia.com/microsite/rmdc/creativelooks/alpha-recipes/","Jonpoon.jpg","VV2 (Vivid 2 Preset) | Contrast +1, Highlights +1, Shadows +2, Fade 1, Saturation 0, Sharpness 4, Sharpness Range 4, Clarity 8, WB AWB A1 G1","","Singapore","Featured Look","","‹","›","×","https://www.sony-asia.com/microsite/rmdc/creativelooks/wp-content/uploads/2025/09/IMG_0982-1024x683.jpg","https://www.sony-asia.com/microsite/rmdc/creativelooks/wp-content/uploads/2025/09/IMG_0984-1024x683.jpg","https://www.sony-asia.com/microsite/rmdc/creativelooks/wp-content/uploads/2025/09/IMG_0978-1024x683.jpg","https://www.sony-asia.com/microsite/rmdc/creativelooks/wp-content/uploads/2025/09/IMG_0927-683x1024.jpg","","https://www.sony-asia.com/microsite/rmdc/creativelooks/wp-content/uploads/2025/09/IMG_0982-1024x683.jpg","https://www.sony-asia.com/microsite/rmdc/creativelooks/wp-content/uploads/2025/09/IMG_0984-1024x683.jpg","https://www.sony-asia.com/microsite/rmdc/creativelooks/wp-content/uploads/2025/09/IMG_0978-1024x683.jpg","https://www.sony-asia.com/microsite/rmdc/creativelooks/wp-content/uploads/2025/09/IMG_0927-683x1024.jpg","","https://www.sony-asia.com/microsite/rmdc/creativelooks/wp-content/uploads/2025/09/jonpoon.jpg_Profile-photo_500x500.jpg"
"1785468000-10","https://www.sony-asia.com/microsite/rmdc/creativelooks/alpha-recipes/","Jonpoon.jpg","VV2 (Vivid2) | Contrast +2, Highlights +4, Shadows +2, Fade 0, Saturation +2, Sharpness +4, Sharpness Range +3, Clarity +8, WB Daylight","","Singapore","Featured Look","","‹","›","×","https://www.sony-asia.com/microsite/rmdc/creativelooks/wp-content/uploads/2025/09/DSC01241-683x1024.jpg","https://www.sony-asia.com/microsite/rmdc/creativelooks/wp-content/uploads/2025/09/DSC01237-683x1024.jpg","https://www.sony-asia.com/microsite/rmdc/creativelooks/wp-content/uploads/2025/09/DSC01236-683x1024.jpg","","","https://www.sony-asia.com/microsite/rmdc/creativelooks/wp-content/uploads/2025/09/DSC01241-683x1024.jpg","https://www.sony-asia.com/microsite/rmdc/creativelooks/wp-content/uploads/2025/09/DSC01237-683x1024.jpg","https://www.sony-asia.com/microsite/rmdc/creativelooks/wp-content/uploads/2025/09/DSC01236-683x1024.jpg","","","https://www.sony-asia.com/microsite/rmdc/creativelooks/wp-content/uploads/2025/09/jonpoon.jpg_Profile-photo_500x500.jpg"
"1785468000-11","https://www.sony-asia.com/microsite/rmdc/creativelooks/alpha-recipes/","Jonpoon.jpg","VV2 (Vivid2) | Contrast +2, Highlights +4, Shadows +2, Fade 0, Saturation +2, Sharpness +4, Sharpness Range +3, Clarity +8, WB Daylight","","Singapore","Featured Look","","‹","›","×","https://www.sony-asia.com/microsite/rmdc/creativelooks/wp-content/uploads/2025/09/DSC00887-1024x683.jpg","https://www.sony-asia.com/microsite/rmdc/creativelooks/wp-content/uploads/2025/09/DSC00886-1024x683.jpg","https://www.sony-asia.com/microsite/rmdc/creativelooks/wp-content/uploads/2025/09/DSC00885-1024x683.jpg","","","https://www.sony-asia.com/microsite/rmdc/creativelooks/wp-content/uploads/2025/09/DSC00887-1024x683.jpg","https://www.sony-asia.com/microsite/rmdc/creativelooks/wp-content/uploads/2025/09/DSC00886-1024x683.jpg","https://www.sony-asia.com/microsite/rmdc/creativelooks/wp-content/uploads/2025/09/DSC00885-1024x683.jpg","","","https://www.sony-asia.com/microsite/rmdc/creativelooks/wp-content/uploads/2025/09/jonpoon.jpg_Profile-photo_500x500.jpg"
"1785468000-12","https://www.sony-asia.com/microsite/rmdc/creativelooks/alpha-recipes/","Jonpoon.jpg","VV2 (Vivid2) | Contrast +2, Highlights +4, Shadows +2, Fade 0,

Saturation +2, Sharpness +4, Sharpness Range +3, Clarity +8, WB Daylight","","Singapore","Featured Look","","‹","›","×","https://www.sony-asia.com/microsite/rmdc/creativelooks/wp-content/uploads/2025/09/DSC01028-1024x683.jpg","https://www.sony-asia.com/microsite/rmdc/creativelooks/wp-content/uploads/2025/09/DSC01048-1024x683.jpg","https://www.sony-asia.com/microsite/rmdc/creativelooks/wp-content/uploads/2025/09/DSC00655-1024x683.jpg","","","https://www.sony-asia.com/microsite/rmdc/creativelooks/wp-content/uploads/2025/09/DSC01028-1024x683.jpg","https://www.sony-asia.com/microsite/rmdc/creativelooks/wp-content/uploads/2025/09/DSC01048-1024x683.jpg","https://www.sony-asia.com/microsite/rmdc/creativelooks/wp-content/uploads/2025/09/DSC00655-1024x683.jpg","","","https://www.sony-asia.com/microsite/rmdc/creativelooks/wp-content/uploads/2025/09/jonpoon.jpg_Profile-photo_500x500.jpg"
"1785468000-13","https://www.sony-asia.com/microsite/rmdc/creativelooks/alpha-recipes/","Khong ខុង","VV (Vivid) | Contrast 0, Highlights 0, Shadows 0, Fade 0, Saturation 0, Sharpness +4, Sharpness Range +3, Clarity +1, WB Daylight","Shot with Creative Looks

Exposure & brightness adjusted in post.","Cambodia","Featured Look","Shot with Creative Looks","‹","›","×","https://www.sony-asia.com/microsite/rmdc/creativelooks/wp-content/uploads/2025/09/VV-7-683x1024.jpg","https://www.sony-asia.com/microsite/rmdc/creativelooks/wp-content/uploads/2025/09/VV-4-683x1024.jpg","https://www.sony-asia.com/microsite/rmdc/creativelooks/wp-content/uploads/2025/09/VV-2-683x1024.jpg","https://www.sony-asia.com/microsite/rmdc/creativelooks/wp-content/uploads/2025/09/VV-9-683x1024.jpg","https://www.sony-asia.com/microsite/rmdc/creativelooks/wp-content/uploads/2025/09/VV-8-683x1024.jpg","https://www.sony-asia.com/microsite/rmdc/creativelooks/wp-content/uploads/2025/09/VV-7-683x1024.jpg","https://www.sony-asia.com/microsite/rmdc/creativelooks/wp-content/uploads/2025/09/VV-4-683x1024.jpg","https://www.sony-asia.com/microsite/rmdc/creativelooks/wp-content/uploads/2025/09/VV-2-683x1024.jpg","https://www.sony-asia.com/microsite/rmdc/creativelooks/wp-content/uploads/2025/09/VV-9-683x1024.jpg","https://www.sony-asia.com/microsite/rmdc/creativelooks/wp-content/uploads/2025/09/VV-8-683x1024.jpg","https://www.sony-asia.com/microsite/rmdc/creativelooks/wp-content/uploads/2025/09/khong_profile-photo_500x500.jpg"
"1785468000-14","https://www.sony-asia.com/microsite/rmdc/creativelooks/alpha-recipes/","Filmreel","VV (Vivid) | Contrast 0, Highlights 0, Shadows 0, Fade 0, Saturation 0, Sharpness +4, Sharpness Range +3, Clarity +1, WB Colour Temp 5000K","","Cambodia","Featured Look","","‹","›","×","https://www.sony-asia.com/microsite/rmdc/creativelooks/wp-content/uploads/2025/09/DSC00172-768x1024.jpg","https://www.sony-asia.com/microsite/rmdc/creativelooks/wp-content/uploads/2025/09/DSC00213-1024x768.jpg","https://www.sony-asia.com/microsite/rmdc/creativelooks/wp-content/uploads/2025/09/DSC00109-768x1024.jpg","","","https://www.sony-asia.com/microsite/rmdc/creativelooks/wp-content/uploads/2025/09/DSC00172-768x1024.jpg","https://www.sony-asia.com/microsite/rmdc/creativelooks/wp-content/uploads/2025/09/DSC00213-1024x768.jpg","https://www.sony-asia.com/microsite/rmdc/creativelooks/wp-content/uploads/2025/09/DSC00109-768x1024.jpg","","","https://www.sony-asia.com/microsite/rmdc/creativelooks/wp-content/uploads/2025/09/filmreel_profile-photo.jpeg"
"1785468000-15","https://www.sony-asia.com/microsite/rmdc/creativelooks/alpha-recipes/","Sandeeshwara Perera","ST (Standard) | Contrast -7, Highlights +9, Shadows -9, Fade 0, Saturation +1, Sharpness +3, Sharpness Range +3, Clarity 0, WB Colour Temp 5500K B2.5 G1.5","","Sri Lanka","Featured Look","","‹","›","×","https://www.sony-asia.com/microsite/rmdc/creativelooks/wp-content/uploads/2025/09/DSC3997-1024x683.jpg","https://www.sony-asia.com/microsite/rmdc/creativelooks/wp-content/uploads/2025/09/ST-7-9-9-0-1-0-3-0-5500K-B2.5-G1.5-683x1024.jpg","","","","https://www.sony-asia.com/microsite/rmdc/creativelooks/wp-content/uploads/2025/09/DSC3997-1024x683.jpg","https://www.sony-asia.com/microsite/rmdc/creativelooks/wp-content/uploads/2025/09/ST-7-9-9-0-1-0-3-0-5500K-B2.5-G1.5-683x1024.jpg","","","","https://www.sony-asia.com/microsite/rmdc/creativelooks/wp-content/uploads/2025/09/LK_Sandeeshwara-Perera_Profile-photo_500x500.jpg"
"1785468000-16","https://www.sony-asia.com/microsite/rmdc/creativelooks/alpha-recipes/","Ravi Ranasinghe","ST (Standard) | Contrast -2, Highlights 0, Shadows 0, Fade 0, Saturation 0, Sharpness +4, Sharpness Range +3, Clarity +1, AWB","Shot with Creative Looks

Crop & RGB adjusted in post.","Sri Lanka","Featured Look","Shot with Creative Looks","‹","›","×","https://www.sony-asia.com/microsite/rmdc/creativelooks/wp-content/uploads/2025/09/DSC08183_CROP-1024x683.jpg","https://www.sony-asia.com/microsite/rmdc/creativelooks/wp-content/uploads/2025/09/DSC08153-_CROP-and-RGB-colour-adjust-1024x700.jpg","https://www.sony-asia.com/microsite/rmdc/creativelooks/wp-content/uploads/2025/09/DSC08141_CROP-and-RGB-colour-adjust-1024x760.jpg","https://www.sony-asia.com/microsite/rmdc/creativelooks/wp-content/uploads/2025/09/DSC08152_CROP-and-RGB-colour-adjust-1024x690.jpg","https://www.sony-asia.com/microsite/rmdc/creativelooks/wp-content/uploads/2025/09/DSC08122_CROP-and-RGB-colour-adjust-1024x675.jpg","https://www.sony-asia.com/microsite/rmdc/creativelooks/wp-content/uploads/2025/09/DSC08183_CROP-1024x683.jpg","https://www.sony-asia.com/microsite/rmdc/creativelooks/wp-content/uploads/2025/09/DSC08153-_CROP-and-RGB-colour-adjust-1024x700.jpg","https://www.sony-asia.com/microsite/rmdc/creativelooks/wp-content/uploads/2025/09/DSC08141_CROP-and-RGB-colour-adjust-1024x760.jpg","https://www.sony-asia.com/microsite/rmdc/creativelooks/wp-content/uploads/2025/09/DSC08152_CROP-and-RGB-colour-adjust-1024x690.jpg","https://www.sony-asia.com/microsite/rmdc/creativelooks/wp-content/uploads/2025/09/DSC08122_CROP-and-RGB-colour-adjust-1024x675.jpg","https://www.sony-asia.com/microsite/rmdc/creativelooks/wp-content/uploads/2025/09/LK_Ravi-Ranasinghe_Profile-photo_500x500.jpg"
"1785468000-17","https://www.sony-asia.com/microsite/rmdc/creativelooks/alpha-recipes/","Ravi Ranasinghe","ST (Standard) | Contrast -2, Highlights 0, Shadows 0, Fade 0, Saturation 0, Sharpness +4, Sharpness Range +3, Clarity +1, AWB","Shot with Creative Looks

Crop & RGB adjusted in post.","Sri Lanka","Featured Look","Shot with Creative Looks","‹","›","×","https://www.sony-asia.com/microsite/rmdc/creativelooks/wp-content/uploads/2025/09/DSC08202_CROP-and-RGB-colour-adjust-1024x816.jpg","https://www.sony-asia.com/microsite/rmdc/creativelooks/wp-content/uploads/2025/09/DSC08224_CROP-and-RGB-colour-adjust-1024x696.jpg","https://www.sony-asia.com/microsite/rmdc/creativelooks/wp-content/uploads/2025/09/DSC08426-ST-_CROP-and-RGB-colour-adjust-1024x935.jpg","https://www.sony-asia.com/microsite/rmdc/creativelooks/wp-content/uploads/2025/09/DSC08263_CROP-and-RGB-colour-adjust-1024x759.jpg","https://www.sony-asia.com/microsite/rmdc/creativelooks/wp-content/uploads/2025/09/DSC08220_CROP-and-RGB-colour-adjust-1024x613.jpg","https://www.sony-asia.com/microsite/rmdc/creativelooks/wp-content/uploads/2025/09/DSC08202_CROP-and-RGB-colour-adjust-1024x816.jpg","https://www.sony-asia.com/microsite/rmdc/creativelooks/wp-content/uploads/2025/09/DSC08224_CROP-and-RGB-colour-adjust-1024x696.jpg","https://www.sony-asia.com/microsite/rmdc/creativelooks/wp-content/uploads/2025/09/DSC08426-ST-_CROP-and-RGB-colour-adjust-1024x935.jpg","https://www.sony-asia.com/microsite/rmdc/creativelooks/wp-content/uploads/2025/09/DSC08263_CROP-and-RGB-colour-adjust-1024x759.jpg","https://www.sony-asia.com/microsite/rmdc/creativelooks/wp-content/uploads/2025/09/DSC08220_CROP-and-RGB-colour-adjust-1024x613.jpg","https://www.sony-asia.com/microsite/rmdc/creativelooks/wp-content/uploads/2025/09/LK_Ravi-Ranasinghe_Profile-photo_500x500.jpg"
"1785468000-18","https://www.sony-asia.com/microsite/rmdc/creativelooks/alpha-recipes/","Khong ខុង","ST (Standard) | Contrast 0, Highlights 0, Shadows 0, Fade 0, Saturation 0, Sharpness +4, Sharpness Range +3, Clarity +1, WB Daylight","Shot with Creative Looks

Exposure & brightness adjusted in post.","Cambodia","Featured Look","Shot with Creative Looks","‹","›","×","https://www.sony-asia.com/microsite/rmdc/creativelooks/wp-content/uploads/2025/09/ST-2-1-1024x683.jpg","https://www.sony-asia.com/microsite/rmdc/creativelooks/wp-content/uploads/2025/09/ST-683x1024.jpg","https://www.sony-asia.com/microsite/rmdc/creativelooks/wp-content/uploads/2025/09/ST-6-683x1024.jpg","https://www.sony-asia.com/microsite/rmdc/creativelooks/wp-content/uploads/2025/09/ST-4-683x1024.jpg","https://www.sony-asia.com/microsite/rmdc/creativelooks/wp-content/uploads/2025/09/ST-3-683x1024.jpg","https://www.sony-asia.com/microsite/rmdc/creativelooks/wp-content/uploads/2025/09/ST-2-1-1024x683.jpg","https://www.sony-asia.com/microsite/rmdc/creativelooks/wp-content/uploads/2025/09/ST-683x1024.jpg","https://www.sony-asia.com/microsite/rmdc/creativelooks/wp-content/uploads/2025/09/ST-6-683x1024.jpg","https://www.sony-asia.com/microsite/rmdc/creativelooks/wp-content/uploads/2025/09/ST-4-683x1024.jpg","https://www.sony-asia.com/microsite/rmdc/creativelooks/wp-content/uploads/2025/09/ST-3-683x1024.jpg","https://www.sony-asia.com/microsite/rmdc/creativelooks/wp-content/uploads/2025/09/khong_profile-photo_500x500.jpg"
"1785468000-19","https://www.sony-asia.com/microsite/rmdc/creativelooks/alpha-recipes/","Filmreel","ST (Standard) | Contrast -4, Highlights -7, Shadows +4, Fade 0, Saturation +4, Sharpness 0, Sharpness Range +3, Clarity 0, WB Colour Temp 6000K","","Cambodia","Featured Look","","‹","›","×","https://www.sony-asia.com/microsite/rmdc/creativelooks/wp-content/uploads/2025/09/ST-4-7404030-6000K-1024x683.jpg","https://www.sony-asia.com/microsite/rmdc/creativelooks/wp-content/uploads/2025/09/ST-2-1024x683.jpg","","","","https://www.sony-asia.com/microsite/rmdc/creativelooks/wp-content/uploads/2025/09/ST-4-7404030-6000K-1024x683.jpg","https://www.sony-asia.com/microsite/rmdc/creativelooks/wp-content/uploads/2025/09/ST-2-1024x683.jpg","","","","https://www.sony-asia.com/microsite/rmdc/creativelooks/wp-content/uploads/2025/09/filmreel_profile-photo.jpeg"
"1785468000-20","https://www.sony-asia.com/microsite/rmdc/creativelooks/alpha-recipes/","Sony Asia","SH (Soft Highkey) | Contrast -2, Highlights -5, Shadows +4, Fade +5, Saturation 0, Sharpness +5, Sharpness Range +3, Clarity +1, WB Colour Temp 5600K A3.5 G3.0","","Asia Pacific","Featured Look","","‹","›","×","https://www.sony-asia.com/microsite/rmdc/creativelooks/wp-content/uploads/2025/09/SH_SEL2450G_DSC08535_compressed-683x1024.jpg","https://www.sony-asia.com/microsite/rmdc/creativelooks/wp-content/uploads/2025/09/SH_SEL2450G_DSC08280_compressed-1024x683.jpg","https://www.sony-asia.com/microsite/rmdc/creativelooks/wp-content/uploads/2025/09/SH_SEL2450G_DSC07777_compressed-683x1024.jpg","","","https://www.sony-asia.com/microsite/rmdc/creativelooks/wp-content/uploads/2025/09/SH_SEL2450G_DSC08535_compressed-683x1024.jpg","https://www.sony-asia.com/microsite/rmdc/creativelooks/wp-content/uploads/2025/09/SH_SEL2450G_DSC08280_compressed-1024x683.jpg","https://www.sony-asia.com/microsite/rmdc/creativelooks/wp-content/uploads/2025/09/SH_SEL2450G_DSC07777_compressed-683x1024.jpg","","","https://www.sony-asia.com/microsite/rmdc/creativelooks/wp-content/uploads/2025/09/Sony-Asia_Profile-Photo.jpg"
"1785468000-21","https://www.sony-asia.com/microsite/rmdc/creativelooks/alpha-recipes/","Jonpoon.jpg","SH (Soft Highkey) | Contrast 0, Highlights -5, Shadows -3, Fade 2, Saturation +3, Sharpness 3, Sharpness Range 2, Clarity 3, WB Colour Temp 4700K A6 G1.75","","Singapore","Featured Look","","‹","›","×","https://www.sony-asia.com/microsite/rmdc/creativelooks/wp-content/uploads/2025/09/IMG_1104-683x1024.jpg","https://www.sony-asia.com/microsite/rmdc/creativelooks/wp-content/uploads/2025/09/IMG_1107-683x1024.jpg","https://www.sony-asia.com/microsite/rmdc/creativelooks/wp-content/uploads/2025/09/IMG_1097-683x1024.jpg","https://www.sony-asia.com/microsite/rmdc/creativelooks/wp-content/uploads/2025/09/IMG_1094-683x1024.jpg","","https://www.sony-asia.com/microsite/rmdc/creativelooks/wp-content/uploads/2025/09/IMG_1104-683x1024.jpg","https://www.sony-asia.com/microsite/rmdc/creativelooks/wp-content/uploads/2025/09/IMG_1107-683x1024.jpg","https://www.sony-asia.com/microsite/rmdc/creativelooks/wp-content/uploads/2025/09/IMG_1097-683x1024.jpg","https://www.sony-asia.com/microsite/rmdc/creativelooks/wp-content/uploads/2025/09/IMG_1094-683x1024.jpg","","https://www.sony-asia.com/microsite/rmdc/creativelooks/wp-content/uploads/2025/09/jonpoon.jpg_Profile-photo_500x500.jpg"
"1785468000-22","https://www.sony-asia.com/microsite/rmdc/creativelooks/alpha-recipes/","Puy","H (Soft Highkey) | Contrast +1, Highlights -5, Shadows 0, Fade +6, Saturation 0, Sharpness +4, Sharpness Range +3, Clarity +1, WB AWB","","Cambodia","Featured Look","","‹","›","×","https://www.sony-asia.com/microsite/rmdc/creativelooks/wp-content/uploads/2025/09/IMG_8533-684x1024.jpg","https://www.sony-asia.com/microsite/rmdc/creativelooks/wp-content/uploads/2025/09/IMG_8404-684x1024.jpg","","","","https://www.sony-asia.com/microsite/rmdc/creativelooks/wp-content/uploads/2025/09/IMG_8533-684x1024.jpg","https://www.sony-asia.com/microsite/rmdc/creativelooks/wp-content/uploads/2025/09/IMG_8404-684x1024.jpg","","","","https://www.sony-asia.com/microsite/rmdc/creativelooks/wp-content/uploads/2025/09/Puy_profile-photo_500x500-1.jpg"
"1785468000-23","https://www.sony-asia.com/microsite/rmdc/creativelooks/alpha-recipes/","Jomnot","SH (Soft Highkey) | Contrast 0, Highlights 0, Shadows 0, Fade +6, Saturation 0, Sharpness +4, Sharpness Range +3, Clarity +1, WB AWB","","Cambodia","Featured Look","","‹","›","×","https://www.sony-asia.com/microsite/rmdc/creativelooks/wp-content/uploads/2025/09/jomnot_SH_02-683x1024.jpg","https://www.sony-asia.com/microsite/rmdc/creativelooks/wp-content/uploads/2025/09/jomnot_SH_03-683x1024.jpg","https://www.sony-asia.com/microsite/rmdc/creativelooks/wp-content/uploads/2025/09/jomnot_SH_01-1024x683.jpg","","","https://www.sony-asia.com/microsite/rmdc/creativelooks/wp-content/uploads/2025/09/jomnot_SH_02-683x1024.jpg","https://www.sony-asia.com/microsite/rmdc/creativelooks/wp-content/uploads/2025/09/jomnot_SH_03-683x1024.jpg","https://www.sony-asia.com/microsite/rmdc/creativelooks/wp-content/uploads/2025/09/jomnot_SH_01-1024x683.jpg","","","https://www.sony-asia.com/microsite/rmdc/creativelooks/wp-content/uploads/2025/09/jomnot_profile-photo.jpg"
"1785468000-24","https://www.sony-asia.com/microsite/rmdc/creativelooks/alpha-recipes/","Satheeshan Thiyagaraja","SE (Sepia) | Contrast -3, Highlights -7, Shadows -6, Fade 0, Saturation 0, Sharpness +4, Sharpness Range +3, Clarity +3, WB AWB","","Sri Lanka","Featured Look","","‹","›","×","https://www.sony-asia.com/microsite/rmdc/creativelooks/wp-content/uploads/2025/09/1-Satheeshan-Thiyagaraja_SE_-3-7-600433AWB-1-1024x683.jpg","","","","","https://www.sony-asia.com/microsite/rmdc/creativelooks/wp-content/uploads/2025/09/1-Satheeshan-Thiyagaraja_SE_-3-7-600433AWB-1-1024x683.jpg","","","","","https://www.sony-asia.com/microsite/rmdc/creativelooks/wp-content/uploads/2025/09/LK_Satheeshan-Thiyagaraja_Profile-photo_500x500.jpg"
"1785468000-25","https://www.sony-asia.com/microsite/rmdc/creativelooks/alpha-recipes/","Ravi Ranasinghe","SE (Sepia) | Contrast -6, Highlights -4, Shadows -4, Fade 0,Saturation 0, Sharpness +6, Sharpness Range +5, Clarity +1, WB AWB","Shot with Creative Looks

Crop & RGB adjusted in post.","Sri Lanka","Featured Look","Shot with Creative Looks","‹","›","×","https://www.sony-asia.com/microsite/rmdc/creativelooks/wp-content/uploads/2025/09/DSC08508-_CROP-and-RGB-colour-adjust-1-1024x673.jpg","","","","","https://www.sony-asia.com/microsite/rmdc/creativelooks/wp-content/uploads/2025/09/DSC08508-_CROP-and-RGB-colour-adjust-1-1024x673.jpg","","","","","https://www.sony-asia.com/microsite/rmdc/creativelooks/wp-content/uploads/2025/09/LK_Ravi-Ranasinghe_Profile-photo_500x500.jpg"
"1785468000-26","https://www.sony-asia.com/microsite/rmdc/creativelooks/alpha-recipes/","Sandeeshwara Perera","PT (Portrait) | Contrast 0, Highlights -5, Shadows +5, Fade +2, Saturation +2, Sharpness +3, Sharpness Range +3, Clarity 0, WB Colour Temp 5500K A1 G2","","Sri Lanka","Featured Look","","‹","›","×","https://www.sony-asia.com/microsite/rmdc/creativelooks/wp-content/uploads/2025/09/DSC3782-1024x683.jpg","https://www.sony-asia.com/microsite/rmdc/creativelooks/wp-content/uploads/2025/09/DSC3904-683x1024.jpg","https://www.sony-asia.com/microsite/rmdc/creativelooks/wp-content/uploads/2025/09/DSC3802-683x1024.jpg","https://www.sony-asia.com/microsite/rmdc/creativelooks/wp-content/uploads/2025/09/DSC3753-1024x683.jpg","","https://www.sony-asia.com/microsite/rmdc/creativelooks/wp-content/uploads/2025/09/DSC3782-1024x683.jpg","https://www.sony-asia.com/microsite/rmdc/creativelooks/wp-content/uploads/2025/09/DSC3904-683x1024.jpg","https://www.sony-asia.com/microsite/rmdc/creativelooks/wp-content/uploads/2025/09/DSC3802-683x1024.jpg","https://www.sony-asia.com/microsite/rmdc/creativelooks/wp-content/uploads/2025/09/DSC3753-1024x683.jpg","","https://www.sony-asia.com/microsite/rmdc/creativelooks/wp-content/uploads/2025/09/LK_Sandeeshwara-Perera_Profile-photo_500x500.jpg"
"1785468000-27","https://www.sony-asia.com/microsite/rmdc/creativelooks/alpha-recipes/","Eranga Siriwardhana","IN (Instant) | Contrast 0, Highlights 0, Shadows 0, Fade +3, Saturation 0, Sharpness +4, Sharpness Range +3, Clarity +1, WB AWB","","Sri Lanka","Featured Look","","‹","›","×","https://www.sony-asia.com/microsite/rmdc/creativelooks/wp-content/uploads/2025/09/3-Eranga-Siriwardhana_IN_00030431-AWB-1-683x1024.jpg","","","","","https://www.sony-asia.com/microsite/rmdc/creativelooks/wp-content/uploads/2025/09/3-Eranga-Siriwardhana_IN_00030431-AWB-1-683x1024.jpg","","","","","https://www.sony-asia.com/microsite/rmdc/creativelooks/wp-content/uploads/2025/09/Eranga-Siriwardhana_profile-photo_500x500.jpg"
"1785468000-28","https://www.sony-asia.com/microsite/rmdc/creativelooks/alpha-recipes/","Sony Asia","IN (Instant) | Contrast -3, Highlights -5, Shadows +6, Fade +1, Saturation 0, Sharpness +4, Sharpness Range +3, Clarity +1, WB Colour Temp 6500K B2.5 M5.0","","Asia Pacific","Featured Look","","‹","›","×","https://www.sony-asia.com/microsite/rmdc/creativelooks/wp-content/uploads/2025/09/IN_SEL2450G_DSC09918_compressed-683x1024.jpg","https://www.sony-asia.com/microsite/rmdc/creativelooks/wp-content/uploads/2025/09/IN_SEL2450G_DSC00324_compressed-683x1024.jpg","https://www.sony-asia.com/microsite/rmdc/creativelooks/wp-content/uploads/2025/09/IN_SEL2450G_DSC00336_compressed-1024x683.jpg","","","https://www.sony-asia.com/microsite/rmdc/creativelooks/wp-content/uploads/2025/09/IN_SEL2450G_DSC09918_compressed-683x1024.jpg","https://www.sony-asia.com/microsite/rmdc/creativelooks/wp-content/uploads/2025/09/IN_SEL2450G_DSC00324_compressed-683x1024.jpg","https://www.sony-asia.com/microsite/rmdc/creativelooks/wp-content/uploads/2025/09/IN_SEL2450G_DSC00336_compressed-1024x683.jpg","","","https://www.sony-asia.com/microsite/rmdc/creativelooks/wp-content/uploads/2025/09/Sony-Asia_Profile-Photo.jpg"
"1785468000-29","https://www.sony-asia.com/microsite/rmdc/creativelooks/alpha-recipes/","Sony Asia","IN (Instant) | Contrast -3, Highlights +1, Shadows +4, Fade +1, Saturation 0, Sharpness +4, Sharpness Range +3, Clarity +1, WB Colour Temp 5600K B4.0 M0.25","","Asia Pacific","Featured Look","","‹","›","×","https://www.sony-asia.com/microsite/rmdc/creativelooks/wp-content/uploads/2025/09/IN_SEL2450G_DSC09200_compressed-683x1024.jpg","https://www.sony-asia.com/microsite/rmdc/creativelooks/wp-content/uploads/2025/09/IN_SEL2450G_DSC09619_compressed-1024x683.jpg","https://www.sony-asia.com/microsite/rmdc/creativelooks/wp-content/uploads/2025/09/IN_SEL2450G_DSC09108_compressed-683x1024.jpg","","","https://www.sony-asia.com/microsite/rmdc/creativelooks/wp-content/uploads/2025/09/IN_SEL2450G_DSC09200_compressed-683x1024.jpg","https://www.sony-asia.com/microsite/rmdc/creativelooks/wp-content/uploads/2025/09/IN_SEL2450G_DSC09619_compressed-1024x683.jpg","https://www.sony-asia.com/microsite/rmdc/creativelooks/wp-content/uploads/2025/09/IN_SEL2450G_DSC09108_compressed-683x1024.jpg","","","https://www.sony-asia.com/microsite/rmdc/creativelooks/wp-content/uploads/2025/09/Sony-Asia_Profile-Photo.jpg"
"1785468000-30","https://www.sony-asia.com/microsite/rmdc/creativelooks/alpha-recipes/","Jonpoon.jpg","IN (Instant) | Contrast +1, Highlights -5, Shadows +1, Fade 2, Saturation +1, Sharpness 2, Sharpness Range 2, Clarity 1, WB AWB A1 G1","","Singapore","Featured Look","","‹","›","×","https://www.sony-asia.com/microsite/rmdc/creativelooks/wp-content/uploads/2025/09/IMG_0596-683x1024.jpg","https://www.sony-asia.com/microsite/rmdc/creativelooks/wp-content/uploads/2025/09/IMG_0599-683x1024.jpg","https://www.sony-asia.com/microsite/rmdc/creativelooks/wp-content/uploads/2025/09/IMG_0593-683x1024.jpg","","","https://www.sony-asia.com/microsite/rmdc/creativelooks/wp-content/uploads/2025/09/IMG_0596-683x1024.jpg","https://www.sony-asia.com/microsite/rmdc/creativelooks/wp-content/uploads/2025/09/IMG_0599-683x1024.jpg","https://www.sony-asia.com/microsite/rmdc/creativelooks/wp-content/uploads/2025/09/IMG_0593-683x1024.jpg","","","https://www.sony-asia.com/microsite/rmdc/creativelooks/wp-content/uploads/2025/09/jonpoon.jpg_Profile-photo_500x500.jpg"
"1785468000-31","https://www.sony-asia.com/microsite/rmdc/creativelooks/alpha-recipes/","Jonpoon.jpg","IN (Instant) | Contrast +1, Highlights -5, Shadows +1, Fade 2, Saturation +1, Sharpness 2, Sharpness Range 2, Clarity 1, WB AWB A1 G1","","Singapore","Featured Look","","‹","›","×","https://www.sony-asia.com/microsite/rmdc/creativelooks/wp-content/uploads/2025/09/IMG_0644-683x1024.jpg","https://www.sony-asia.com/microsite/rmdc/creativelooks/wp-content/uploads/2025/09/IMG_0626-683x1024.jpg","https://www.sony-asia.com/microsite/rmdc/creativelooks/wp-content/uploads/2025/09/IMG_0623-683x1024.jpg","https://www.sony-asia.com/microsite/rmdc/creativelooks/wp-content/uploads/2025/09/IMG_0618-683x1024.jpg","https://www.sony-asia.com/microsite/rmdc/creativelooks/wp-content/uploads/2025/09/IMG_0615-683x1024.jpg","https://www.sony-asia.com/microsite/rmdc/creativelooks/wp-content/uploads/2025/09/IMG_0644-683x1024.jpg","https://www.sony-asia.com/microsite/rmdc/creativelooks/wp-content/uploads/2025/09/IMG_0626-683x1024.jpg","https://www.sony-asia.com/microsite/rmdc/creativelooks/wp-content/uploads/2025/09/IMG_0623-683x1024.jpg","https://www.sony-asia.com/microsite/rmdc/creativelooks/wp-content/uploads/2025/09/IMG_0618-683x1024.jpg","https://www.sony-asia.com/microsite/rmdc/creativelooks/wp-content/uploads/2025/09/IMG_0615-683x1024.jpg","https://www.sony-asia.com/microsite/rmdc/creativelooks/wp-content/uploads/2025/09/jonpoon.jpg_Profile-photo_500x500.jpg"
"1785468000-32","https://www.sony-asia.com/microsite/rmdc/creativelooks/alpha-recipes/","Jonpoon.jpg","IN (Instant) | Contrast +1, Highlights -5, Shadows +1, Fade 2, Saturation +1, Sharpness 2, Sharpness Range 2, Clarity 1, WB AWB A1 G1","","Singapore","Featured Look","","‹","›","×","https://www.sony-asia.com/microsite/rmdc/creativelooks/wp-content/uploads/2025/09/IMG_1079-683x1024.jpg","https://www.sony-asia.com/microsite/rmdc/creativelooks/wp-content/uploads/2025/09/IMG_1088-683x1024.jpg","https://www.sony-asia.com/microsite/rmdc/creativelooks/wp-content/uploads/2025/09/IMG_1084-683x1024.jpg","https://www.sony-asia.com/microsite/rmdc/creativelooks/wp-content/uploads/2025/09/IMG_1082-1024x683.jpg","","https://www.sony-asia.com/microsite/rmdc/creativelooks/wp-content/uploads/2025/09/IMG_1079-683x1024.jpg","https://www.sony-asia.com/microsite/rmdc/creativelooks/wp-content/uploads/2025/09/IMG_1088-683x1024.jpg","https://www.sony-asia.com/microsite/rmdc/creativelooks/wp-content/uploads/2025/09/IMG_1084-683x1024.jpg","https://www.sony-asia.com/microsite/rmdc/creativelooks/wp-content/uploads/2025/09/IMG_1082-1024x683.jpg","","https://www.sony-asia.com/microsite/rmdc/creativelooks/wp-content/uploads/2025/09/jonpoon.jpg_Profile-photo_500x500.jpg"
"1785468000-33","https://www.sony-asia.com/microsite/rmdc/creativelooks/alpha-recipes/","Jonpoon.jpg","IN (Instant) | Contrast +1, Highlights -5, Shadows +1, Fade 2, Saturation +1, Sharpness 2, Sharpness Range 2, Clarity 1, WB AWB A1 G1","","Singapore","Featured Look","","‹","›","×","https://www.sony-asia.com/microsite/rmdc/creativelooks/wp-content/uploads/2025/09/IMG_1160-683x1024.jpg","https://www.sony-asia.com/microsite/rmdc/creativelooks/wp-content/uploads/2025/09/IMG_1167-683x1024.jpg","https://www.sony-asia.com/microsite/rmdc/creativelooks/wp-content/uploads/2025/09/IMG_1162-1024x683.jpg","https://www.sony-asia.com/microsite/rmdc/creativelooks/wp-content/uploads/2025/09/IMG_1157-683x1024.jpg","","https://www.sony-asia.com/microsite/rmdc/creativelooks/wp-content/uploads/2025/09/IMG_1160-683x1024.jpg","https://www.sony-asia.com/microsite/rmdc/creativelooks/wp-content/uploads/2025/09/IMG_1167-683x1024.jpg","https://www.sony-asia.com/microsite/rmdc/creativelooks/wp-content/uploads/2025/09/IMG_1162-1024x683.jpg","https://www.sony-asia.com/microsite/rmdc/creativelooks/wp-content/uploads/2025/09/IMG_1157-683x1024.jpg","","https://www.sony-asia.com/microsite/rmdc/creativelooks/wp-content/uploads/2025/09/jonpoon.jpg_Profile-photo_500x500.jpg"
"1785468000-34","https://www.sony-asia.com/microsite/rmdc/creativelooks/alpha-recipes/","Jerry Thai","IN (Instant) | Contrast +2, Highlights -2, Shadows 0, Fade +1, Saturation +1, Sharpness +2, Sharpness Range +3, Clarity +1, WB Colour Temp 5200K-5600K / Shift B0 M0","","Cambodia","Featured Look","","‹","›","×","https://www.sony-asia.com/microsite/rmdc/creativelooks/wp-content/uploads/2025/09/Jerry-2-683x1024.jpg","https://www.sony-asia.com/microsite/rmdc/creativelooks/wp-content/uploads/2025/09/jerry-thai_clook-1_jpg-683x1024.jpg","https://www.sony-asia.com/microsite/rmdc/creativelooks/wp-content/uploads/2025/09/Jerry-3-683x1024.jpg","","","https://www.sony-asia.com/microsite/rmdc/creativelooks/wp-content/uploads/2025/09/Jerry-2-683x1024.jpg","https://www.sony-asia.com/microsite/rmdc/creativelooks/wp-content/uploads/2025/09/jerry-thai_clook-1_jpg-683x1024.jpg","https://www.sony-asia.com/microsite/rmdc/creativelooks/wp-content/uploads/2025/09/Jerry-3-683x1024.jpg","","","https://www.sony-asia.com/microsite/rmdc/creativelooks/wp-content/uploads/2025/09/jerry-thai_profile-photo.jpg"
"1785468000-35","https://www.sony-asia.com/microsite/rmdc/creativelooks/alpha-recipes/","Check In Siemreap ដើរលេងសៀមរាប","IN (Instant) | Contrast +2, Highlights -3, Shadows +3, Fade +2, Saturation +1, Sharpness 2, Sharpness Range 2, Clarity +1, WB Colour Temp 5000K A3 G1","","Cambodia","Featured Look","","‹","›","×","https://www.sony-asia.com/microsite/rmdc/creativelooks/wp-content/uploads/2025/09/DSC01015-683x1024.jpg","https://www.sony-asia.com/microsite/rmdc/creativelooks/wp-content/uploads/2025/09/DSC01029-683x1024.jpg","https://www.sony-asia.com/microsite/rmdc/creativelooks/wp-content/uploads/2025/09/DSC01031-1024x683.jpg","","","https://www.sony-asia.com/microsite/rmdc/creativelooks/wp-content/uploads/2025/09/DSC01015-683x1024.jpg","https://www.sony-asia.com/microsite/rmdc/creativelooks/wp-content/uploads/2025/09/DSC01029-683x1024.jpg","https://www.sony-asia.com/microsite/rmdc/creativelooks/wp-content/uploads/2025/09/DSC01031-1024x683.jpg","","","https://www.sony-asia.com/microsite/rmdc/creativelooks/wp-content/uploads/2025/09/checkinsiemreap_profile-photo_500x500.jpg"
"1785468000-36","https://www.sony-asia.com/microsite/rmdc/creativelooks/alpha-recipes/","Sandeeshwara Perera","FL (Film Look) | Contrast +2, Highlights +4, Shadows +4, Fade 0, Saturation 0, Sharpness +4, Sharpness Range +3, Clarity +1, WB Colour Temp 5200K A4 M3","Shot with Creative Looks

Curves, contrast and shadows adjusted in post","Sri Lanka","Featured Look","Shot with Creative Looks","‹","›","×","https://www.sony-asia.com/microsite/rmdc/creativelooks/wp-content/uploads/2025/09/DSC8471-683x1024.jpg","https://www.sony-asia.com/microsite/rmdc/creativelooks/wp-content/uploads/2025/09/DSC8605-683x1024.jpg","https://www.sony-asia.com/microsite/rmdc/creativelooks/wp-content/uploads/2025/09/DSC8498-683x1024.jpg","https://www.sony-asia.com/microsite/rmdc/creativelooks/wp-content/uploads/2025/09/DSC8493-683x1024.jpg","","https://www.sony-asia.com/microsite/rmdc/creativelooks/wp-content/uploads/2025/09/DSC8471-683x1024.jpg","https://www.sony-asia.com/microsite/rmdc/creativelooks/wp-content/uploads/2025/09/DSC8605-683x1024.jpg","https://www.sony-asia.com/microsite/rmdc/creativelooks/wp-content/uploads/2025/09/DSC8498-683x1024.jpg","https://www.sony-asia.com/microsite/rmdc/creativelooks/wp-content/uploads/2025/09/DSC8493-683x1024.jpg","","https://www.sony-asia.com/microsite/rmdc/creativelooks/wp-content/uploads/2025/09/LK_Sandeeshwara-Perera_Profile-photo_500x500.jpg"
"1785468000-37","https://www.sony-asia.com/microsite/rmdc/creativelooks/alpha-recipes/","Sandeeshwara Perera","FL (Film Look) | Contrast 0, Highlights -5, Shadows +4, Fade 0, Saturation +1, Sharpness +4, Sharpness Range +3, Clarity 0, WB Colour Temp 5900K A3 M3.25","","Sri Lanka","Featured Look","","‹","›","×","https://www.sony-asia.com/microsite/rmdc/creativelooks/wp-content/uploads/2025/09/DSC3155-683x1024.jpg","https://www.sony-asia.com/microsite/rmdc/creativelooks/wp-content/uploads/2025/09/FL-0-5-4-0-1-4-3-0-5900K-A3-M3.25-683x1024.jpg","https://www.sony-asia.com/microsite/rmdc/creativelooks/wp-content/uploads/2025/09/DSC3227-1024x683.jpg","https://www.sony-asia.com/microsite/rmdc/creativelooks/wp-content/uploads/2025/09/DSC3225-683x1024.jpg","https://www.sony-asia.com/microsite/rmdc/creativelooks/wp-content/uploads/2025/09/DSC3077-1024x683.jpg","https://www.sony-asia.com/microsite/rmdc/creativelooks/wp-content/uploads/2025/09/DSC3155-683x1024.jpg","https://www.sony-asia.com/microsite/rmdc/creativelooks/wp-content/uploads/2025/09/FL-0-5-4-0-1-4-3-0-5900K-A3-M3.25-683x1024.jpg","https://www.sony-asia.com/microsite/rmdc/creativelooks/wp-content/uploads/2025/09/DSC3227-1024x683.jpg","https://www.sony-asia.com/microsite/rmdc/creativelooks/wp-content/uploads/2025/09/DSC3225-683x1024.jpg","https://www.sony-asia.com/microsite/rmdc/creativelooks/wp-content/uploads/2025/09/DSC3077-1024x683.jpg","https://www.sony-asia.com/microsite/rmdc/creativelooks/wp-content/uploads/2025/09/LK_Sandeeshwara-Perera_Profile-photo_500x500.jpg"
"1785468000-38","https://www.sony-asia.com/microsite/rmdc/creativelooks/alpha-recipes/","Sandeeshwara Perera","FL (Film Look) | Contrast +2, Highlights -8, Shadows -5, Fade +1, Saturation 0, Sharpness +4, Sharpness Range +3, Clarity +1, WB Colour Temp 5200K A1 M1.25","","Sri Lanka","Featured Look","","‹","›","×","https://www.sony-asia.com/microsite/rmdc/creativelooks/wp-content/uploads/2025/09/DSC3576-683x1024.jpg","https://www.sony-asia.com/microsite/rmdc/creativelooks/wp-content/uploads/2025/09/DSC3545-683x1024.jpg","https://www.sony-asia.com/microsite/rmdc/creativelooks/wp-content/uploads/2025/09/DSC3405-1024x683.jpg","","","https://www.sony-asia.com/microsite/rmdc/creativelooks/wp-content/uploads/2025/09/DSC3576-683x1024.jpg","https://www.sony-asia.com/microsite/rmdc/creativelooks/wp-content/uploads/2025/09/DSC3545-683x1024.jpg","https://www.sony-asia.com/microsite/rmdc/creativelooks/wp-content/uploads/2025/09/DSC3405-1024x683.jpg","","","https://www.sony-asia.com/microsite/rmdc/creativelooks/wp-content/uploads/2025/09/LK_Sandeeshwara-Perera_Profile-photo_500x500.jpg"
"1785468000-39","https://www.sony-asia.com/microsite/rmdc/creativelooks/alpha-recipes/","Lahiru Rumesh","FL (Film Look) | Contrast +2, Highlights -7, Shadows 0, Fade +1, Saturation -1, Sharpness +4, Sharpness Range +3, Clarity +2, WB Colour Temp 7600K A1 G1.25","","Sri Lanka","Featured Look","","‹","›","×","https://www.sony-asia.com/microsite/rmdc/creativelooks/wp-content/uploads/2025/09/LK2_DSC08431-Lahiru-Rathnayake-684x1024.jpeg","","","","","https://www.sony-asia.com/microsite/rmdc/creativelooks/wp-content/uploads/2025/09/LK2_DSC08431-Lahiru-Rathnayake-684x1024.jpeg","","","","","https://www.sony-asia.com/microsite/rmdc/creativelooks/wp-content/uploads/2025/09/Lahiru-Rumesh_Profile-Photo_500x500.jpg"
"1785468000-40","https://www.sony-asia.com/microsite/rmdc/creativelooks/alpha-recipes/","Isuru Mudalige","FL (Film Look) | Contrast -5, Highlights -4, Shadows -5, Fade 0, Saturation +6, Sharpness +8, Sharpness Range +2, Clarity +5, WB AWB","","Sri Lanka","Featured Look","","‹","›","×","https://www.sony-asia.com/microsite/rmdc/creativelooks/wp-content/uploads/2025/09/2-Isuru-Mudalige_FL_-5-4-506825AWB-1-e1758513632461-769x1024.webp","","","","","https://www.sony-asia.com/microsite/rmdc/creativelooks/wp-content/uploads/2025/09/2-Isuru-Mudalige_FL_-5-4-506825AWB-1-e1758513632461-769x1024.webp","","","","","https://www.sony-asia.com/microsite/rmdc/creativelooks/wp-content/uploads/2025/09/Isuru-Mudalige_Profile-Photo_500x500.jpg"
"1785468000-41","https://www.sony-asia.com/microsite/rmdc/creativelooks/alpha-recipes/","Sony Asia","FL (Film Look) | Contrast -3, Highlights 0, Shadows +2, Fade +4, Saturation 0, Sharpness +4, Sharpness Range +3, Clarity +1, WB Colour Temp 5600K","","Asia Pacific","Featured Look","","‹","›","×","https://www.sony-asia.com/microsite/rmdc/creativelooks/wp-content/uploads/2025/09/FL_SEL2450G_DSC01320_compressed-683x1024.jpg","https://www.sony-asia.com/microsite/rmdc/creativelooks/wp-content/uploads/2025/09/FL_SEL2450G_DSC01422_compressed-683x1024.jpg","https://www.sony-asia.com/microsite/rmdc/creativelooks/wp-content/uploads/2025/09/FL_SEL2450G_DSC01461_compressed-1024x683.jpg","","","https://www.sony-asia.com/microsite/rmdc/creativelooks/wp-content/uploads/2025/09/FL_SEL2450G_DSC01320_compressed-683x1024.jpg","https://www.sony-asia.com/microsite/rmdc/creativelooks/wp-content/uploads/2025/09/FL_SEL2450G_DSC01422_compressed-683x1024.jpg","https://www.sony-asia.com/microsite/rmdc/creativelooks/wp-content/uploads/2025/09/FL_SEL2450G_DSC01461_compressed-1024x683.jpg","","","https://www.sony-asia.com/microsite/rmdc/creativelooks/wp-content/uploads/2025/09/Sony-Asia_Profile-Photo.jpg"
"1785468000-42","https://www.sony-asia.com/microsite/rmdc/creativelooks/alpha-recipes/","Sony Asia","FL (Film Look) | Contrast +2, Highlights -5, Shadows -3, Fade +2, Saturation -1, Sharpness +4, Sharpness Range +3, Clarity +3, WB Colour Temp 5600K A2.5 G2.5","","Asia Pacific","Featured Look","","‹","›","×","https://www.sony-asia.com/microsite/rmdc/creativelooks/wp-content/uploads/2025/09/FL_SEL2450G_DSC02112_compressed-1024x683.jpg","https://www.sony-asia.com/microsite/rmdc/creativelooks/wp-content/uploads/2025/09/FL_SEL2450G_DSC02246_compressed-1024x683.jpg","https://www.sony-asia.com/microsite/rmdc/creativelooks/wp-content/uploads/2025/09/FL_SEL2450G_DSC01554_compressed-683x1024.jpg","","","https://www.sony-asia.com/microsite/rmdc/creativelooks/wp-content/uploads/2025/09/FL_SEL2450G_DSC02112_compressed-1024x683.jpg","https://www.sony-asia.com/microsite/rmdc/creativelooks/wp-content/uploads/2025/09/FL_SEL2450G_DSC02246_compressed-1024x683.jpg","https://www.sony-asia.com/microsite/rmdc/creativelooks/wp-content/uploads/2025/09/FL_SEL2450G_DSC01554_compressed-683x1024.jpg","","","https://www.sony-asia.com/microsite/rmdc/creativelooks/wp-content/uploads/2025/09/Sony-Asia_Profile-Photo.jpg"
"1785468000-43","https://www.sony-asia.com/microsite/rmdc/creativelooks/alpha-recipes/","jonpoon.jpg","FL (Film Look) | Contrast 0, Highlights -5, Shadows -3, Fade 2, Saturation +3, Sharpness 2, Sharpness Range 2, Clarity 3, WB Colour Temp 4700K A6 G1.75","","Singapore","Featured Look","","‹","›","×","https://www.sony-asia.com/microsite/rmdc/creativelooks/wp-content/uploads/2025/09/IMG_1143-683x1024.jpg","https://www.sony-asia.com/microsite/rmdc/creativelooks/wp-content/uploads/2025/09/IMG_1140-683x1024.jpg","https://www.sony-asia.com/microsite/rmdc/creativelooks/wp-content/uploads/2025/09/IMG_1114-1024x683.jpg","https://www.sony-asia.com/microsite/rmdc/creativelooks/wp-content/uploads/2025/09/IMG_1124-1024x683.jpg","","https://www.sony-asia.com/microsite/rmdc/creativelooks/wp-content/uploads/2025/09/IMG_1143-683x1024.jpg","https://www.sony-asia.com/microsite/rmdc/creativelooks/wp-content/uploads/2025/09/IMG_1140-683x1024.jpg","https://www.sony-asia.com/microsite/rmdc/creativelooks/wp-content/uploads/2025/09/IMG_1114-1024x683.jpg","https://www.sony-asia.com/microsite/rmdc/creativelooks/wp-content/uploads/2025/09/IMG_1124-1024x683.jpg","","https://www.sony-asia.com/microsite/rmdc/creativelooks/wp-content/uploads/2025/09/jonpoon.jpg_Profile-photo_500x500.jpg"
"1785468000-44","https://www.sony-asia.com/microsite/rmdc/creativelooks/alpha-recipes/","Mardy Suong","FL (Film Look) | Contrast 0, Highlights 0, Shadows 0, Fade 0, Saturation 0, Sharpness +4, Sharpness Range +3, Clarity +1, WB Daylight","","Cambodia","Featured Look","","‹","›","×","https://www.sony-asia.com/microsite/rmdc/creativelooks/wp-content/uploads/2025/09/Street_DSC09865_PP_Rayal-Palace_Oct-23th-2024-1024x683.jpg","https://www.sony-asia.com/microsite/rmdc/creativelooks/wp-content/uploads/2025/09/Street_DSC09492_PP_Rayal-Palace_Oct-23th-2024-1024x683.jpg","https://www.sony-asia.com/microsite/rmdc/creativelooks/wp-content/uploads/2025/09/Street_DSC00258_PP_Rayal-Palace_Oct-23th-2024-1024x683.jpg","https://www.sony-asia.com/microsite/rmdc/creativelooks/wp-content/uploads/2025/09/Street_DSC08910_PP_Rayal-Palace_Oct-23th-2024-1024x683.jpg","","https://www.sony-asia.com/microsite/rmdc/creativelooks/wp-content/uploads/2025/09/Street_DSC09865_PP_Rayal-Palace_Oct-23th-2024-1024x683.jpg","https://www.sony-asia.com/microsite/rmdc/creativelooks/wp-content/uploads/2025/09/Street_DSC09492_PP_Rayal-Palace_Oct-23th-2024-1024x683.jpg","https://www.sony-asia.com/microsite/rmdc/creativelooks/wp-content/uploads/2025/09/Street_DSC00258_PP_Rayal-Palace_Oct-23th-2024-1024x683.jpg","https://www.sony-asia.com/microsite/rmdc/creativelooks/wp-content/uploads/2025/09/Street_DSC08910_PP_Rayal-Palace_Oct-23th-2024-1024x683.jpg","","https://www.sony-asia.com/microsite/rmdc/creativelooks/wp-content/uploads/2025/09/Cambodia_Mardy-Suong_Profile-photo_500x500.jpg"
"1785468000-45","https://www.sony-asia.com/microsite/rmdc/creativelooks/alpha-recipes/","Mardy Suong","FL (Film Look) | Contrast 0, Highlights 0, Shadows 0, Fade 0, Saturation 0, Sharpness +4, Sharpness Range +3, Clarity +1, WB AWB","","Cambodia","Featured Look","","‹","›","×","https://www.sony-asia.com/microsite/rmdc/creativelooks/wp-content/uploads/2025/09/Street_DSC05271_copy_PP_Photowalk_Sony_Creative_Look_Sep_7th_2024-1-1024x683.jpg","https://www.sony-asia.com/microsite/rmdc/creativelooks/wp-content/uploads/2025/09/Street_DSC05159_PP_Photowalk_Sony-Creative-Look_Sep-7th-2024-1024x683.jpg","https://www.sony-asia.com/microsite/rmdc/creativelooks/wp-content/uploads/2025/09/Street_DSC05285_PP_Photowalk_Sony-Creative-Look_Sep-7th-2024-1024x683.jpg","https://www.sony-asia.com/microsite/rmdc/creativelooks/wp-content/uploads/2025/09/Street_DSC05128_PP_Photowalk_Sony-Creative-Look_Sep-7th-2024-1024x683.jpg","https://www.sony-asia.com/microsite/rmdc/creativelooks/wp-content/uploads/2025/09/Street_DSC05144_PP_Photowalk_Sony-Creative-Look_Sep-7th-2024-1024x683.jpg","https://www.sony-asia.com/microsite/rmdc/creativelooks/wp-content/uploads/2025/09/Street_DSC05271_copy_PP_Photowalk_Sony_Creative_Look_Sep_7th_2024-1-1024x683.jpg","https://www.sony-asia.com/microsite/rmdc/creativelooks/wp-content/uploads/2025/09/Street_DSC05159_PP_Photowalk_Sony-Creative-Look_Sep-7th-2024-1024x683.jpg","https://www.sony-asia.com/microsite/rmdc/creativelooks/wp-content/uploads/2025/09/Street_DSC05285_PP_Photowalk_Sony-Creative-Look_Sep-7th-2024-1024x683.jpg","https://www.sony-asia.com/microsite/rmdc/creativelooks/wp-content/uploads/2025/09/Street_DSC05128_PP_Photowalk_Sony-Creative-Look_Sep-7th-2024-1024x683.jpg","https://www.sony-asia.com/microsite/rmdc/creativelooks/wp-content/uploads/2025/09/Street_DSC05144_PP_Photowalk_Sony-Creative-Look_Sep-7th-2024-1024x683.jpg","https://www.sony-asia.com/microsite/rmdc/creativelooks/wp-content/uploads/2025/09/Cambodia_Mardy-Suong_Profile-photo_500x500.jpg"
"1785468000-46","https://www.sony-asia.com/microsite/rmdc/creativelooks/alpha-recipes/","Khong ខុង","FL (Film Look) | Contrast +1, Highlights +1, Shadows -4, Fade 0, Saturation -1, Sharpness +5, Sharpness Range +3, Clarity +2, WB AWB","","Cambodia","Featured Look","","‹","›","×","https://www.sony-asia.com/microsite/rmdc/creativelooks/wp-content/uploads/2025/09/IMG_1699-1-684x1024.jpg","https://www.sony-asia.com/microsite/rmdc/creativelooks/wp-content/uploads/2025/09/IMG_2112-684x1024.jpg","https://www.sony-asia.com/microsite/rmdc/creativelooks/wp-content/uploads/2025/09/IMG_2017-684x1024.jpg","https://www.sony-asia.com/microsite/rmdc/creativelooks/wp-content/uploads/2025/09/IMG_1668-684x1024.jpg","https://www.sony-asia.com/microsite/rmdc/creativelooks/wp-content/uploads/2025/09/IMG_2160-684x1024.jpg","https://www.sony-asia.com/microsite/rmdc/creativelooks/wp-content/uploads/2025/09/IMG_1699-1-684x1024.jpg","https://www.sony-asia.com/microsite/rmdc/creativelooks/wp-content/uploads/2025/09/IMG_2112-684x1024.jpg","https://www.sony-asia.com/microsite/rmdc/creativelooks/wp-content/uploads/2025/09/IMG_2017-684x1024.jpg","https://www.sony-asia.com/microsite/rmdc/creativelooks/wp-content/uploads/2025/09/IMG_1668-684x1024.jpg","https://www.sony-asia.com/microsite/rmdc/creativelooks/wp-content/uploads/2025/09/IMG_2160-684x1024.jpg","https://www.sony-asia.com/microsite/rmdc/creativelooks/wp-content/uploads/2025/09/khong_profile-photo_500x500.jpg"
"1785468000-47","https://www.sony-asia.com/microsite/rmdc/creativelooks/alpha-recipes/","Hea Kimhong ហ៊ាន គីមហុង","FL (Film Look) | Contrast 0, Highlights +2, Shadows 0, Fade 0, Saturation 0, Sharpness +4, Sharpness Range +3, Clarity +1, WB Colour

Temp 5000K A3 G1","","Cambodia","Featured Look","","‹","›","×","https://www.sony-asia.com/microsite/rmdc/creativelooks/wp-content/uploads/2025/09/DSC09874-1-1-684x1024.jpg","https://www.sony-asia.com/microsite/rmdc/creativelooks/wp-content/uploads/2025/09/DSC09581-684x1024.jpg","","","","https://www.sony-asia.com/microsite/rmdc/creativelooks/wp-content/uploads/2025/09/DSC09874-1-1-684x1024.jpg","https://www.sony-asia.com/microsite/rmdc/creativelooks/wp-content/uploads/2025/09/DSC09581-684x1024.jpg","","","","https://www.sony-asia.com/microsite/rmdc/creativelooks/wp-content/uploads/2025/09/Hea-Kimhong-%E1%9E%A0%E1%9F%8A%E1%9E%B6%E1%9E%93-%E1%9E%82%E1%9E%B8%E1%9E%98%E1%9E%A0%E1%9E%BB%E1%9E%84-profile-photo.jpg"
"1785468000-48","https://www.sony-asia.com/microsite/rmdc/creativelooks/alpha-recipes/","Filmreel","FL (Film Look) | Contrast -4, Highlights -7, Shadows +4, Fade 0, Saturation +4, Sharpness 0, Sharpness Range +3, Clarity 0, WB Colour Temp 6500K","","Cambodia","Featured Look","","‹","›","×","https://www.sony-asia.com/microsite/rmdc/creativelooks/wp-content/uploads/2025/09/FL-2-1024x683.jpg","https://www.sony-asia.com/microsite/rmdc/creativelooks/wp-content/uploads/2025/09/FL-3-1024x683.jpg","https://www.sony-asia.com/microsite/rmdc/creativelooks/wp-content/uploads/2025/09/FL-4-1024x683.jpg","https://www.sony-asia.com/microsite/rmdc/creativelooks/wp-content/uploads/2025/09/FL-4-7404030-6500K-1024x683.jpg","","https://www.sony-asia.com/microsite/rmdc/creativelooks/wp-content/uploads/2025/09/FL-2-1024x683.jpg","https://www.sony-asia.com/microsite/rmdc/creativelooks/wp-content/uploads/2025/09/FL-3-1024x683.jpg","https://www.sony-asia.com/microsite/rmdc/creativelooks/wp-content/uploads/2025/09/FL-4-1024x683.jpg","https://www.sony-asia.com/microsite/rmdc/creativelooks/wp-content/uploads/2025/09/FL-4-7404030-6500K-1024x683.jpg","","https://www.sony-asia.com/microsite/rmdc/creativelooks/wp-content/uploads/2025/09/filmreel_profile-photo.jpeg"
"1785468000-49","https://www.sony-asia.com/microsite/rmdc/creativelooks/alpha-recipes/","Filmreel","FL (Film Look) | Contrast -4, Highlights -7, Shadows +4, Fade 0, Saturation +4, Sharpness 0, Sharpness Range +3, Clarity 0, WB Colour Temp 6500K","","Cambodia","Featured Look","","‹","›","×","https://www.sony-asia.com/microsite/rmdc/creativelooks/wp-content/uploads/2025/09/FL-10-683x1024.jpg","https://www.sony-asia.com/microsite/rmdc/creativelooks/wp-content/uploads/2025/09/FL-12-683x1024.jpg","https://www.sony-asia.com/microsite/rmdc/creativelooks/wp-content/uploads/2025/09/FL-9-683x1024.jpg","","","https://www.sony-asia.com/microsite/rmdc/creativelooks/wp-content/uploads/2025/09/FL-10-683x1024.jpg","https://www.sony-asia.com/microsite/rmdc/creativelooks/wp-content/uploads/2025/09/FL-12-683x1024.jpg","https://www.sony-asia.com/microsite/rmdc/creativelooks/wp-content/uploads/2025/09/FL-9-683x1024.jpg","","","https://www.sony-asia.com/microsite/rmdc/creativelooks/wp-content/uploads/2025/09/filmreel_profile-photo.jpeg"
"1785468000-50","https://www.sony-asia.com/microsite/rmdc/creativelooks/alpha-recipes/","Sandeeshwara Perera","BW (Black & White) | Contrast 0, Highlights 0, Shadows 0, Fade 0, Sharpness +4, Sharpness Range +3, Clarity +1","","Sri Lanka","Featured Look","","‹","›","×","https://www.sony-asia.com/microsite/rmdc/creativelooks/wp-content/uploads/2025/09/DSC3436-1024x683.jpg","https://www.sony-asia.com/microsite/rmdc/creativelooks/wp-content/uploads/2025/09/DSC3480-683x1024.jpg","https://www.sony-asia.com/microsite/rmdc/creativelooks/wp-content/uploads/2025/09/DSC3615-683x1024.jpg","https://www.sony-asia.com/microsite/rmdc/creativelooks/wp-content/uploads/2025/09/DSC4126-1024x683.jpg","","https://www.sony-asia.com/microsite/rmdc/creativelooks/wp-content/uploads/2025/09/DSC3436-1024x683.jpg","https://www.sony-asia.com/microsite/rmdc/creativelooks/wp-content/uploads/2025/09/DSC3480-683x1024.jpg","https://www.sony-asia.com/microsite/rmdc/creativelooks/wp-content/uploads/2025/09/DSC3615-683x1024.jpg","https://www.sony-asia.com/microsite/rmdc/creativelooks/wp-content/uploads/2025/09/DSC4126-1024x683.jpg","","https://www.sony-asia.com/microsite/rmdc/creativelooks/wp-content/uploads/2025/09/LK_Sandeeshwara-Perera_Profile-photo_500x500.jpg"
"1785468000-51","https://www.sony-asia.com/microsite/rmdc/creativelooks/alpha-recipes/","Filmreel","FL (Film Look) | Contrast -4, Highlights -7, Shadows +4, Fade 0, Saturation +4, Sharpness 0, Sharpness Range +3, Clarity 0, WB Colour Temp 6500K","","Cambodia","Featured Look","","‹","›","×","https://www.sony-asia.com/microsite/rmdc/creativelooks/wp-content/uploads/2025/09/FL-8-1024x683.jpg","https://www.sony-asia.com/microsite/rmdc/creativelooks/wp-content/uploads/2025/09/FL-6-1024x683.jpg","https://www.sony-asia.com/microsite/rmdc/creativelooks/wp-content/uploads/2025/09/FL-5-1024x683.jpg","","","https://www.sony-asia.com/microsite/rmdc/creativelooks/wp-content/uploads/2025/09/FL-8-1024x683.jpg","https://www.sony-asia.com/microsite/rmdc/creativelooks/wp-content/uploads/2025/09/FL-6-1024x683.jpg","https://www.sony-asia.com/microsite/rmdc/creativelooks/wp-content/uploads/2025/09/FL-5-1024x683.jpg","","","https://www.sony-asia.com/microsite/rmdc/creativelooks/wp-content/uploads/2025/09/filmreel_profile-photo.jpeg"
"1785468000-52","https://www.sony-asia.com/microsite/rmdc/creativelooks/alpha-recipes/","Ravi Ranasinghe","BW (Black & White) | Contrast +9, Highlights -9, Shadows +9, Fade 0, Sharpness 0, Sharpness Range +3, Clarity +1","Shot with Creative Looks

Crop adjusted in post.","Sri Lanka","Featured Look","Shot with Creative Looks","‹","›","×","https://www.sony-asia.com/microsite/rmdc/creativelooks/wp-content/uploads/2025/09/DSC08350_CROP-1-1024x683.jpg","","","","","https://www.sony-asia.com/microsite/rmdc/creativelooks/wp-content/uploads/2025/09/DSC08350_CROP-1-1024x683.jpg","","","","","https://www.sony-asia.com/microsite/rmdc/creativelooks/wp-content/uploads/2025/09/LK_Ravi-Ranasinghe_Profile-photo_500x500.jpg"
"1785468000-53","https://www.sony-asia.com/microsite/rmdc/creativelooks/alpha-recipes/","Filmreel","BW (Black & White) | Contrast 0, Highlights 0, Shadows 0, Fade 0, Sharpness +4, Sharpness Range +3, Clarity +1","","Cambodia","Featured Look","","‹","›","×","https://www.sony-asia.com/microsite/rmdc/creativelooks/wp-content/uploads/2025/09/BW1-1-1024x768.jpeg","https://www.sony-asia.com/microsite/rmdc/creativelooks/wp-content/uploads/2025/09/BW-1-1024x768.jpg","https://www.sony-asia.com/microsite/rmdc/creativelooks/wp-content/uploads/2025/09/BW2-1-768x1024.jpeg","","","https://www.sony-asia.com/microsite/rmdc/creativelooks/wp-content/uploads/2025/09/BW1-1-1024x768.jpeg","https://www.sony-asia.com/microsite/rmdc/creativelooks/wp-content/uploads/2025/09/BW-1-1024x768.jpg","https://www.sony-asia.com/microsite/rmdc/creativelooks/wp-content/uploads/2025/09/BW2-1-768x1024.jpeg","","","https://www.sony-asia.com/microsite/rmdc/creativelooks/wp-content/uploads/2025/09/filmreel_profile-photo.jpeg"
